<environmentvariabledefinition schemaname="dyna_almdevopsorganizationname">
  <description default="Name of DevOps Organization">
    <label description="Name of DevOps Organization" languagecode="1033" />
  </description>
  <displayname default="ALM_DevOps_OrganizationName">
    <label description="ALM_DevOps_OrganizationName" languagecode="1033" />
  </displayname>
  <introducedversion>1.0.0.1</introducedversion>
  <iscustomizable>1</iscustomizable>
  <isrequired>0</isrequired>
  <secretstore>0</secretstore>
  <type>100000000</type>
</environmentvariabledefinition>