<environmentvariabledefinition schemaname="dyna_almdeliveryuseremail">
  <description default="Email of the deployment user">
    <label description="Email of the deployment user" languagecode="1033" />
  </description>
  <displayname default="ALM_DeliveryUserEmail">
    <label description="ALM_DeliveryUserEmail" languagecode="1033" />
  </displayname>
  <introducedversion>1.0.0.1</introducedversion>
  <iscustomizable>1</iscustomizable>
  <isrequired>0</isrequired>
  <secretstore>0</secretstore>
  <type>100000000</type>
</environmentvariabledefinition>