<environmentvariabledefinition schemaname="dyna_almdeliveryusername">
  <description default="Name of the delivery user">
    <label description="Name of the delivery user" languagecode="1033" />
  </description>
  <displayname default="ALM_DeliveryUserName">
    <label description="ALM_DeliveryUserName" languagecode="1033" />
  </displayname>
  <introducedversion>1.0.0.1</introducedversion>
  <iscustomizable>1</iscustomizable>
  <isrequired>0</isrequired>
  <secretstore>0</secretstore>
  <type>100000000</type>
</environmentvariabledefinition>