<appaction uniquename="dyna__Cloneit!579c85cc56214256a7ca514d0f7778bd!dyna_AutomationALM!dyna_almdeployment!0">
  <appmoduleid>
    <uniquename>dyna_AutomationALM</uniquename>
  </appmoduleid>
  <buttonlabeltext default="Clone it !">
    <label description="Clone it !" languagecode="1033" />
  </buttonlabeltext>
  <context>1</context>
  <contextentity>
    <logicalname>dyna_almdeployment</logicalname>
  </contextentity>
  <contextvalue>dyna_almdeployment</contextvalue>
  <fonticon>Clone</fonticon>
  <hidden>0</hidden>
  <iscustomizable>1</iscustomizable>
  <isdisabled>0</isdisabled>
  <isgrouptitlehidden>0</isgrouptitlehidden>
  <location>0</location>
  <name>Cloneit!579c85cc56214256a7ca514d0f7778bd</name>
  <onclickeventformulacomponentlibraryid>
    <name>dyna_automationalmdefaultcommandlibrary_409c3</name>
  </onclickeventformulacomponentlibraryid>
  <onclickeventformulacomponentname>f87c29ec79d4491bb40b8860b835adf2</onclickeventformulacomponentname>
  <onclickeventformulafunctionname>OnSelect</onclickeventformulafunctionname>
  <onclickeventtype>1</onclickeventtype>
  <origin>0</origin>
  <sequence>100100068.7500000000</sequence>
  <statecode>0</statecode>
  <statuscode>1</statuscode>
  <type>0</type>
  <visibilityformulacomponentlibraryid>
    <name>dyna_automationalmdefaultcommandlibrary_409c3</name>
  </visibilityformulacomponentlibraryid>
  <visibilityformulacomponentname>f87c29ec79d4491bb40b8860b835adf2</visibilityformulacomponentname>
  <visibilityformulafunctionname>Visible</visibilityformulafunctionname>
  <visibilitytype>1</visibilitytype>
</appaction>