<environmentvariabledefinition schemaname="dyna_almdevopsrepositoryid">
  <description default="Id (GIT) of the DevOps Repo - You can setup after with the Flow 0 SetupConfig">
    <label description="Id (GIT) of the DevOps Repo - You can setup after with the Flow 0 SetupConfig" languagecode="1033" />
  </description>
  <displayname default="ALM_DevOps_RepositoryID">
    <label description="ALM_DevOps_RepositoryID" languagecode="1033" />
  </displayname>
  <introducedversion>1.0.0.1</introducedversion>
  <iscustomizable>1</iscustomizable>
  <isrequired>0</isrequired>
  <secretstore>0</secretstore>
  <type>100000000</type>
</environmentvariabledefinition>